{"cameraMode":{"drawMode":0,"name":"Shaded","section":"Shading Mode"},"sceneLighting":true,"audioPlay":false,"sceneViewState":{"m_AlwaysRefresh":false,"showFog":true,"showSkybox":true,"showFlares":true,"showImageEffects":true,"showParticleSystems":true,"showVisualEffectGraphs":true,"m_FxEnabled":true},"in2DMode":false,"pivot":{"x":21.613264083862306,"y":-14.896921157836914,"z":146.85154724121095},"rotation":{"x":0.004469429608434439,"y":-0.9901895523071289,"z":0.13533160090446473,"w":0.035635896027088168},"size":0.009282538667321206,"orthographic":false}