{"cameraMode":{"drawMode":0,"name":"Shaded","section":"Shading Mode"},"sceneLighting":true,"audioPlay":false,"sceneViewState":{"m_AlwaysRefresh":false,"showFog":true,"showSkybox":true,"showFlares":true,"showImageEffects":true,"showParticleSystems":true,"showVisualEffectGraphs":true,"m_FxEnabled":true},"in2DMode":false,"pivot":{"x":-0.653540313243866,"y":2.983776807785034,"z":-10.826340675354004},"rotation":{"x":-0.06276853382587433,"y":-0.0018990648677572609,"z":0.0001186063454952091,"w":-0.9980311393737793},"size":2.082000255584717,"orthographic":false}